asset,N,MAE,MSE,RMSE,MAPE,SMAPE,DirAcc,Corr,R2
commodities:GC=F,139,0.32892024423640737,0.16007062652727183,0.4000882734188442,72.51869604607008,1.8335482989460434,0.5971223021582733,0.07812976410606619,-418.48196561548207
commodities:HG=F,139,0.4453435312929723,0.2972738785737338,0.5452282811572908,53.748050711119994,1.7908867076900037,0.5971223021582733,0.06938283707210977,-183.6762124203653
commodities:SI=F,139,0.6322546784885061,0.5092245616023374,0.7135997208536011,100.87027762858571,1.8801753337073968,0.5827338129496403,0.025377208360473247,-372.33662871860525
