asset,N,MAE,MSE,RMSE,MAPE,SMAPE,DirAcc,Corr,R2
commodities:GC=F,139,0.015946400626305434,0.000423086146047012,0.02056905797665542,1.9199782031983472,1.5415573622665224,0.4892086330935252,-0.047903573653478755,-0.10874188487193859
commodities:SI=F,139,0.029447172141852662,0.0014186351191902437,0.03766477292099667,1.28367200673998,1.5239788060343105,0.5611510791366906,0.017087222714193447,-0.04006855269070586
commodities:HG=F,139,0.0243334712149297,0.0015783706140527194,0.03972871271577673,1.3220942294644367,1.532729853242647,0.5539568345323741,0.14848202417852052,0.019464783796791507
