asset,N,MAE,MSE,RMSE,MAPE,SMAPE,DirAcc,Corr,R2
commodities:GC=F,139,0.09624186018553553,0.01392197532792045,0.11799142056912634,33.73284859224444,1.6474793258159326,0.5323741007194245,-0.008524539500376986,-35.48400523259856
commodities:HG=F,139,0.10560019949941198,0.019272340736459434,0.1388248563350938,11.248673108525267,1.6486825401486311,0.4892086330935252,0.018962565396619925,-10.972605560771653
commodities:SI=F,139,0.11154553008652454,0.021633356249295844,0.14708282105431567,11.815840760275027,1.5665414734073417,0.4676258992805755,-0.030486004346576695,-14.86043741599366
