asset,N,MAE,MSE,RMSE,MAPE,SMAPE,DirAcc,Corr,R2
commodities:GC=F,139,0.014796815006634748,0.0003889083728088563,0.01972075994501369,1.519980411519618,1.5414850648491376,0.5467625899280576,-0.0334586578909178,-0.019175424058098134
commodities:SI=F,139,0.02930824319125901,0.0014010373947664983,0.037430434071307514,1.1510388357149857,1.6110799990883644,0.5899280575539568,-0.22560638503643787,-0.027166827980477315
commodities:HG=F,139,0.02410737559286312,0.0016350813444209712,0.04043613908895075,1.095171209134897,1.599728756746221,0.5611510791366906,-0.08202897739481599,-0.015765768373649847
